用户名,时间,内容,点赞量
千鹤弥天,2024-01-10 20:14,"国际政治教科书的第一页就是，不要用人类的道德标准看国际政治，国际政治只有纯粹的利益关系。
即使是巴铁，也是站在过美国一侧的，只不过美国后来偏向印度所以巴铁才彻底倒向我们。现在巴铁的铁以及我国的援助也是建立在应对印度威胁的大前提下的。但是话说回来，因为两国体量差距过大，即使印度威胁消失了巴基斯坦也大概率会成为依附关系，整体来说两国关系还是相当稳定的🤔",524
了取昵称,2024-01-30 23:18,我更赞成你的说法。不过这是政治上的，人民之间在政治正常的时候的交流，还是不要代入政治比较好，尽可能保留人性的美好一面。,54
不止废话,2024-01-23 11:25,正是深知这份现实，才对这份独特情感异常珍惜。,14
涂鸦君装狗,2024-01-10 17:31,"这是我看过关于巴基斯坦最优质和最有营养的自媒视频。
一些自媒刻意去强调中巴明显的生活差距，对巴女性的物化和巴对中国人的仰慕优待，从而达到让某些中国人麻木地沉浸在虚无的优越感之中，同时转化成流量。那种无营养的视频只会加深对中巴关系不准确的固化印象，也会让观众离真正的中巴关系和现实状况越来越远。",420
坑坑洼洼ABC,2024-05-27 20:41,,0
无聊的升,2024-01-06 09:18,总结的很客观真实！！！看得出来up的努力，真的对这种经过思考的视频无法扺抗！可惜的是这种有营养的视频在当今浮躁的社会反而没有流量，能竖持看完视频的估计也比较少！但我就是可以坚持看完还能够被感动的其中一个，我为自己感到骄傲！感谢up！！！！,681
暴走兄弟,2024-01-07 22:47,谢谢,18
袁梓芊,2024-01-08 22:40,回复 @暴走兄弟 : 看完了，来个赞,4
阿咯诶BILI,2024-01-19 13:49,没错，现在非黑即白喊口号的短视频到处传播.. 真的恐怖,2
白水俗人9527,2024-01-10 13:23,我在新疆兵团，是第三代。直到大约几年前，我们种地才不用上缴。你理解上缴吧，带着恶意的说就是你吃不吃饭不重要，但是粮食优先支援国家。但要是不带恶意的说，肯定不会让你吃不上饭，只是有时候天灾让你一年可能负债，明年继续生存努力干好。有点夸张，但往前几十年甚至一代，都是这样。是不是感觉有点惨？但退休一个月基本在3000以上。小城镇建设超过大多数地方，果树棉花和技术扶持，水利电价又让你觉得在这养老挺美。比我去内地看到到的大多数农村好太多。有利有弊，一代付出下一代受益，不知不觉就超过很多地方。,43
小手做设计,2024-01-21 05:47,分时间段的，那个时候是国家真的困难，现在国家好了肯定会有优待的，我们南方这边都开始修建文化室以及健身场地。我们这边都是农村的，我们外婆家的公园都修好了,8
失落随心,2024-04-28 20:20,大概也就是17-19年开始的政策,0
小窦不是小豆,2024-01-08 14:02,"一个普通国民去到一个完全陌生的他国，能受到礼遇说明当地人善良热情，但是能受到超过国民级的待遇，甚至只对我们这样，对其他国家不一样。只说明了我们政府在后面付出的努力更不一般。
你去到别人家里，别人对你热情到极点，对其他家的小孩冷淡无比，只能说你们家大人厉害，而且关系好，而不是他们本来多热情。",676
Aaaagggd,2024-01-10 12:30,这视频标题就很有误导性，属于“营销号”操作了。巴基斯坦仅限于隶属政府当局的公职人员有可信度；民间看似热情，有国人被这种假象给忽悠了，对巴基斯坦人疏于防范，导致“翻车”,50
钻石打工皇帝狗神,2024-01-07 02:17,我97年生的，我出生的时候一大家子住在土房子里面，电视也只能去看人家的，村里的路也是土路，出行也就自行车了。。。我姐还是俺村第一个大学生，，，20年过去了，村里，已经今非昔比了，以前下雨，路成了水泥路(土路)，现在下雨路是水泥路，家家户户有电视，但并不常看，一座座房子也都是拔地而起，不能说多么富丽堂皇，但至少想买啥都能买到，没事儿淘个快递。村里有能人会搞钱，修建寺庙什么的，算是给大队创收了，广场也建了，市区的公交也通到我们村了，我们的导航也起步，公交都是实时公交了，公交到了就出门，到市区就坐地铁共享单车出去玩儿了，想出门就旅旅游，坐高铁，反正跟开车花的油钱高速费也没差，车买个差不多的就行了，算是应急用的。不想出门就在家打打游戏。现在也在见证国家往高精尖的方向发展，挺感慨的，想起来小时候的农村生活，东西用不起，肉吃不起，教育也落后，买点书都是心疼，课外书我都没看过几本，父母外出务工之后，算是有所改善了。虽说也有贪污的领导，这几年市区领导做的挺厉害的，绞尽脑汁开发商业，吸引游客了，吸引沿海发达地区的人来消费，带动我们地区的经济活跃度。我们年轻人也是绞尽脑汁去城市工作，放假回家消费。发展到现在，可以说是非常的nice属于是,566
梦回斯瓦迪亚,2024-01-10 09:09,我93年东北农村的，小时候冬天大半年，只有白菜土豆和酸菜，杀猪了才吃到点肉，不过绝大部分都卖掉了自己只留一点点现在真就是随便吃想吃啥吃啥，十多年前家里人都不愿意考驾照说这辈子根本不可能买车，结果现在差不多人手一辆车了，小时候一直在村里住，冬天拉屎冻的屁股都没知觉了，谁能想到有一天还能住楼房，甚至没想过还能跑到杭州买房定居了，只能说经济和科技发展的太快了，心态都没赶上国家的发展，以前总觉得老一辈接触新鲜事物很慢，智能手机都不会用，结果发现现在各种智能家居，说话就能控制全屋子里所有电器和窗帘啥的，我也是一脸懵逼。,19
过眼雲烟_,2024-01-09 11:22,你也挺厉害，考到清华大学,13
鹿一十六-牢姜版,2024-01-11 15:36,回复 @bili都只是过眼云烟 :只要你愿意，站里每个用户都可以标一个“清华”,13
AI视频小助理,2024-01-26 14:33,"一、作者三次前往巴基斯坦的经历，解答了关于巴基斯坦的疑惑，展现了当地的风土人情和中巴友谊。
00:01 - 巴基斯坦是一个饱受争议的国家，但也是中文互联网上备受关注的中国兄弟国家。
01:44 - 作者喜欢深入目的地，体验当地民俗和文化，为大家呈现平时见不到的内容。
06:11 - 巴基斯坦北部城市吉尔吉特存在社会问题，局势混乱，但当地人的生活依然从容和佛系。
二、作者在巴基斯坦的旅行经历，包括当地人的生活水平、科技水平、交通工具、思想状态等方面，以及与当地人的互动和感受。
07:07 - 巴基斯坦生活水平停留在七八十年代，智能手机不普及。
09:15 - 当地人思想状态与中国不同，没钱人认命，难以跨越阶层。
12:07 - 巴基斯坦局势危险，大巴车配备安保人员保护中国乘客。
三、巴基斯坦边境城市白沙瓦的混乱局面和枪械文化，以及当地人对中国人的态度。同时，还介绍了阿富汗战争难民的情况。
14:13 - 巴基斯坦富人拥有豪华生活，养孔雀和狮子等
15:40 - 白沙瓦局势混乱，枪声频繁，中国游客需住指定酒店
20:24 - 白沙瓦难民营正在修建高端住宅，阿富汗难民将被遣返回国
四、作者在巴基斯坦旅行的经历，包括与当地人的交流、游览城市、乘坐公共交通工具等，同时提到了一些安全问题。
21:20 - 巴基斯坦的穷人吃得很差，扔掉了地毯上的食物
22:03 - 在拉合尔旅行时，需要保镖持枪守卫在身边，感觉比较紧张
25:36 - 卡拉奇有世界上最大的贫民窟，居民生活条件恶劣，日用品都是富人区丢弃的废品
五、中国人在巴基斯坦的地位和待遇，以及巴基斯坦人对中国人的态度和行为，同时也探讨了国家交往和社会交际的复杂性和矛盾性。
28:24 - 巴基斯坦人对中国人的态度很矛盾，真诚和利益混杂。
29:11 - 巴基斯坦人对中国人的优待是有层次和排序的，处于优待的最顶端。
33:41 - 普通巴基斯坦人对中国人的好感可能是因为中国对巴基斯坦的帮助和援助。
--本内容由AI视频小助理生成，关注解锁AI助理，由@粪池里蠕动的苍蝇幼虫 召唤发送",27
一坨大橘猫233,2024-01-09 22:18,故事的最后，说到四川女孩嫁到巴基斯塔的那个片段，说是待遇很高很好，为什么女孩的微表情表现出来的是焦虑和迷茫呢，而且全家福照片的站位，是站在边缘最角落，看似C位，实则融入不到群体，我在一个离婚的朋友的结婚照上，就看到了这么一幕。,122
还可以的柚子,2024-02-29 15:48,这可能是婚姻的常态哈哈哈哈,5
loudest_purring,2024-01-07 19:35,就是地缘政治，只要印度还在一天，巴基斯坦都是中国永远的朋友。但是你自己看越南在官方文件上和巴基斯坦第一位是一样的，但是两个国家群众对中国人真的不一样，巴铁确实实至名归，民间对我们很友好,195
萝卜booT,2024-01-08 00:36,"笔记
应一楼的话我家也是如此  08年之前家里还是1层两间土房子  村里的情况和视频里巴铁的大差不差 10年到14年村里家家户户基本都修了小洋楼  家家院里都停着小汽车 这一切真的该感谢国家给了让普通人能靠努力过上好日子的机会",177
如果和我杠你贏,2024-01-08 18:03,只能说同一个国家也有很大差异，北方很多农村还是没有达到这个标准。,22
六枚硬币拿走不送,2024-01-08 23:54,回复 @如果和我杠你贏 :不可能一夜之间都变成这样，都是逐步的，但是你对比看看巴基斯坦，四十年就没怎么变化,32
任少校,2024-01-07 22:26,我发现了，凡是大主播过去都有特别关照，一般人过去没有这个待遇的。,61
二条院亦华,2024-01-09 09:55,你看完没有，最后总结的很好,19
任少校,2024-01-09 18:29,回复 @七月冻结的天空 :看完了，up说的很好，很多人接近你是为了利益，平凡的人反而真心待人。,23
kiefff,2024-01-30 17:18,对待朋友，要想着有一天会成为敌人，对待敌人，要想着有一天成为朋友————李世民,31
在火锅里惨叫,2024-01-18 10:53,哪儿有那么铁，前段时间还摇摆不定呢。反倾销税收起来也是一点不手软。国与国只有利益，好只能是现在的利益深度捆绑，不好那就是有了更好的利益。,22
王樂樂樂樂,2024-01-10 12:42,"笔记
在西安，俩巴基斯坦学生要买机票，南航的工作人员让他们找个中国人帮他们，他们找到了我。我也帮到了他们。",115
磁鳝土块,2024-01-14 13:03,好像大爆炸里的raj啊,1
水面下的鲸落,2024-01-06 16:40,落后不开放的地区对外人都很热情，这很正常，早个20年，身边有个外国人朋友，也是很有面子的事。,93
bili_56384165412,2024-01-06 17:08,两件事没关联的，人性多变，尤其是平头百姓，不是一句话可以概括的,12
一枚小气泡,2024-01-07 20:35,因为在我们大部分国人的认知中，或者下意识认知中，社会稳定是最有体会的词，无时无刻能感知到这点，所以不去有些国家就体会不到不稳定的感觉，哪怕我们知道不稳定的后果…所以，去接触有些地方得分时期，有可能只是隔个一二年去同一个地方你会有不同体验，这可能就是原因,21
锦鱼儿灬,2024-01-07 16:56,up在视频里面说的一句话说的非常好  没有调查就没有发言权！  希望这种视频可以火起来 让大家看看,117
逼王贝吉特,2024-01-07 21:28,“没有调查权就没有发言权”最早是毛泽东年轻时说的，正是那时他全面调查了农村地区，得出了“城市革命不可能成功，农村起义包围城市才是最可能成功的道路”的基础理念，伟人的话永不过时。,49
iiiiiiiiiiiiVR,2024-02-01 19:35,没有全面的调查依然没有发言权，所以还是多看多思考,2
思路越来越清晰了,2024-01-06 17:40,巴基斯坦国内有极端组织，而中国跟巴基斯坦的合作更多的是经济层面，一个国家经济增长也会促进社会稳定！当然了这是极端组织不希望看到的，只有动荡和不安才是滋生极端主义的温床,223
理解最伟大,2024-01-07 16:55,政府组织架构太混乱了,9
Kobe可爱喵,2024-01-07 19:25,巴塔,1
若三芊,2024-01-07 13:00,看多了这种视屏，你就会发现中国的发展真是世界奇迹！,285
鹰酱学论战略,2024-01-07 22:06,绝对的10亿级别工业国，绝对的奇迹,38
だいすきzerotwo,2024-01-07 20:43,现代的中国本就是一个奇迹,22
我的嘴巴很硬,2024-01-06 13:40,不是很喜欢这种解说式的模式，喜欢亲身现场实录视频那种，没继续看下去抱歉,15
我就呵呵了了了呵呵,2024-01-06 17:56,这个视频是个经历总结吧,1
不愿氪就卸了吧,2024-05-07 22:11,"你是对的。他带入太多主观思想了。
别人请你吃喝玩乐那么多天，正常理解也应该是朋友了。托朋友给自己留意个对象，竟然被解读成另有企图。
还有厨师也是。任何一个人在得知，自己的职业在另一个地方，收入能翻几十倍的时候，正常反应都是想去收入高的地方工作。那种对话语境，相信全世界90%的人都会跟那厨子一样接话。",1
这个爆米花的外皮不甜,2024-01-12 10:12,"一群人总拿利益说话这一点我很反感

我想起我小时候家里找人装修的时候我直接了断的说：“干好了才有钱拿”
我爸听到后直接拍了我后脑勺一巴掌说：“怎么说话呢？”

有时候说话要经过大脑，给对方留一步，这是交流的基本功。直接把人家下一步棋的思想拆穿了，这不仅让人家觉得难堪还有损双方关系。",16
我的loser,2024-01-12 23:54,我最早看的就是侣行，他们拍的有好的也有坏的，不可能全都是对人友好热情，大方向是，落实下来就没网上说的那么好，每个人都是独立个体，也是我第一次了解巴基斯坦。,23
寡言语梦,2024-01-16 19:22,他两口子 确实比较真。不会说什么多的个人主观臆断，更多的是 实事 见闻 。,3
逝云丶,2024-01-09 19:40,只能说，一通下来能看得出巴铁确实是毋庸置疑的，不光是政府与政府的交往，人与人之间也有着历史交融，而就算有人在那遇到了坏事也只能证明这些只是小部分群体的行为，并不能掩盖这个国家对我们的热情，而很多真实情况更多是有人为了钱愿意卑躬屈膝在整天歧视中国人的一些国家里生活，也不愿意看看这些并不是很富裕但真心接纳我们的国家,24
wuyam55,2024-01-07 20:18,我之前在新疆就遇到过一个巴铁，他要做大巴又不会中文，正好我跟他的目的地是一样的，就带他去买了车票还给他买了早餐，，，然后我就像个珍惜动物一样，被车上的巴铁们拉着合影,21
山财小王同学,2024-01-07 18:15,国强人民则强，国弱则民弱，正因祖国的不断发展，中国人在国外才能越来越受到尊重，希望祖国繁荣昌盛，不光是巴基斯坦，有更多国家才能尊重我们！,23
已更新百分之十,2024-01-08 20:13,其实无利益不友谊，关键看付出有没有回报，互惠互利=人情往来，你有求于他，他有求于你，最后朋友演变成可以无条件战略互信，无需相互博弈的伙伴，这是能把后背交给对方的。对无求于你的人，你永远不敢把后背交给他,13
理智战胜色性,2024-03-03 21:37,"我看了视频就很感觉巴基斯坦人和中国现在农村的人一样很淳朴，淳朴并不是一个褒义词或者是一个贬义词，而是一个中性词。例如你开车下了大雨或长时间没有吃饭来到来到农村人面前，他会很热情的招待你，但是你若是损害了他的利益，他也会很无赖，哪怕这个他的利益是侵占别人的，并不属于本身自己。
以上这件事是我亲自的感受。",11
牛鼻子老道dada,2024-01-06 23:06,曾经一个巴铁留学生找我办事，我悄悄让同事关照，被巴铁听到，他中文不好，但是基本能听懂，他不能中文表达，但热泪盈眶你能明白。这就是友谊的种子。,69
不愿氪就卸了吧,2024-05-07 22:03,"带入太多主观思想了。
别人请你吃喝玩乐那么多天，正常理解也应该是朋友了。托朋友给自己留意个对象，竟然被解读成另有企图。
还有厨师也是。任何一个人在得知，自己的职业在另一个地方，收入能翻几十倍的时候，正常反应都是想去收入高的地方工作。那种对话语境，相信全世界90%的人都会跟那厨子一样接话。",4
乐意aal,2024-01-06 13:35,我的理解是，这种表现出来的矛盾，总结起来还是古代于现代文明冲击所带来的。因为从古老的文明没有能顺滑的过渡到现代文明。,14
我是一条咸鱼啊QaQ,2024-01-10 05:00,巴基斯坦的确会对中国人更友好一点，但是我之前看过一个排视频的在巴铁差点被偷钱包，每个地方都有好人坏人要保持应有的距离和提防,10
伤忍轩,2024-01-15 08:51,如果我是巴基斯坦人，我会这么想，我是中国的邻国，而且保持一直友好的睦邻关系，基于以上事实，我避免了被西方帝国主义对我的侵略，并且中国人帮助我们建设，带来了更好的生活，于此同时，中国这种体量的国家不仅不剥削侵略我们，而且不干预我们的内政，至于我们的乱局，中国人从来不渔翁得利，让我们自己解决。中国人的善良和胸怀，感动了我们，是我们的好朋友。,2
灵魂在尬舞,2024-03-27 00:45,不要老有人说没有永远的朋友，只有永远的利益。对比一下巴基斯坦，再对比一下越南，朝鲜，世间有质朴就有诡诈，不要看见诡诈后就埋藏所有人对你简单的善念。,5
飘过一缕枫,2024-01-10 16:35,中国人的钱包是在世界出名的 任何地区有真善美的人  虽然但是 我认为还是出门在外 不用最大恶意揣测他人 但是也自己长点心眼吧  一个社会制度相对混乱的地区 对你好的背后是复杂因素交织的 巴铁的好我认为更多的是国家层面上的,7
梦文学,2024-01-08 16:35,很难得的是，up主是从社会的各个层面来剖析出巴基斯坦人民对于中国的态度。不同阶级的巴基斯坦人对待中国人或多或少都带有一定的目的性，有的是为了宣传中巴友谊，有的是想找中国女朋友，但本质上都是希望能从中国获得更美好的未来，而老一辈的会更加存粹一些，更多的是为了感谢中国人帮助巴基斯坦人民修路。,55
糖霜小面包,2024-03-22 03:38,很对！！其他旅游博主可能更多的只有接触到底层人民,0
糖霜小面包,2024-03-22 03:39,而up主展现了不同层次的巴基斯坦人的情况,0
呢识条铁咩,2024-01-11 10:41,"笑死 国家和国家之间别用拟人来形容 国家间讲的是利益 （官方宣传的是一回事）  民众要有清晰的认识  
别到某个时候 突然翻脸了  很尴尬.",41
杰奏啦啦,2024-04-01 12:32,确实。我也是这样想的 ，当你苏联老大哥更是情同手足,2
Sukielk,2024-01-24 15:34,所有的“铁”不过都是利益交换，最稳定的关系就是利益，无缘无故的好是不长久的，我就喜欢这样的巴铁，互相需要，互相利用,15
路过的羊库库老师,2024-04-02 15:09,这样的关系反而透着一股真诚，我也喜欢这样的关系,2
渝大牛,2024-01-06 16:01,对外人不友好的仅是极端者，全世界的普通人只要不损害其利益对人基本上都是和善友好的。,169
撒欢的西瓜,2024-01-15 03:11,友好与恶意之间，还有个冷淡,16
流浪男孩青梅煮酒,2024-03-04 11:36,不不不，这只能说明你是友好的，但是别忘记人之初。,2
路过的羊库库老师,2024-04-02 14:52,回复 @流浪男孩青梅煮酒 :人性本质是自私，没有利益冲突的情况下选择友善还是冷漠就能说明两方的融洽程度,1
内卷失败-码字还债_,2024-01-09 20:44,"有没有一种可能，当省长知道有400多万中国人在关注你的时候你就被特别对待了。   
 像警车护送这种事情哪怕政府在乐意警力资源也是有限的。",14
独孤大咸鱼,2024-02-15 13:45,巴基斯坦政府专门设立的机构，用来保护外国游客的，虽然不可能全部像up这样24小时保护，但还是会做到一定程度的安保工作的，这不算浪费警力资源，而是这个部门就是干这个的,5
霜天之刃,2024-01-17 01:48,老毕登峰哥在中国也有好几百万粉丝，去了日本，照样被当成麻原彰晃。,1
这个跑车我补不到,2024-01-18 20:55,B站一直是我最喜欢的媒体平台，弹幕有趣且温暖，没有贴吧戾气重，比抖音正常，也比微博有趣。但现在我发现B站和这几个平台越来越趋于同质化，弹幕开始二极管化，非黑即白，很多视频看得我甚至想关闭弹幕。,13
路过的羊库库老师,2024-04-02 15:03,人多了沙皮自然就多，但可悲的是沙皮的声音最大,2
妳以为爱,2024-01-06 21:34,这么好的视频，为什么看的人不多，讲的再真实不过了,41
DIO鲨鱼辣椒,2024-01-21 18:28,因为多数人不会考虑去巴基斯坦，无论是旅游还是工作或者长期定居,10
hirowl,2024-01-07 22:20,如果有一个国家一直帮助我们，那我也非常赞同优待他们的公民，善意的回报吧。,15
我爱薄荷水,2024-05-13 18:24,尼泊尔笑而不语,0
奇妙到处跑,2024-05-13 21:33,回复 @我爱薄荷水 :尼泊尔我是懂信仰的,0
流逝微笑,2024-01-07 02:38,人与人的交往平等和友善就是最舒服的,23
杜鹤影Elio,2024-01-10 23:44,"牛逼的厨师在国内何止六七千啊。。
就学校快餐档口的厨师都要一万了。。
那都是普普通通的厨师耶。。",14
谁看到我的名字了,2024-01-11 06:37,大多数城市小餐馆厨师就是这个工资，但是稍微好一点的餐馆或者高档一点的工资就过万,1
黑格の提姆,2024-02-01 18:24,那要看厨艺得多牛逼了。国人有12亿多人工资都不到5000块，六七千已经不错了。,0
瑞琪不开麦,2024-01-15 01:12,人和人的关系 说穿了就是利益关系  这很正常 感情当然可以讲 这是之前的恩惠的报答或者说反馈 但就现在而言 有利益的想法 也是正常的  不管是哪个国家的人  或者哪里的人 我们其实都一样,8
路过的羊库库老师,2024-04-02 15:08,嗯，有很多人一谈到利益和被针扎了一样其实大可不必，人与人最正常的关系就是利益关系了。,0
行走在东拉河上的鱼,2024-01-06 16:49,这是我见过的最客观最理性的国外旅行记录观察up主，其他的都太年轻，缺乏深刻的社会认知，被底层的生存智慧小小欺骗了,13
千凌莫羽,2024-01-07 14:54,想去一次，无他，看一下烈士陵园,13
殻殻殻殻殻殻子,2024-01-10 15:29,up既然是要做一个正经的记录 那么对于枪械最好是不懂的就实事求是 一定要指明的话最好是去了解过再讲 不要张口就来AK47左轮之类 虽然也有可能是视频剪辑原因导致的 但整个视频只要出现枪械的镜头就基本没有一句是对的上的,5
心动电波xddb,2024-01-09 09:54,中肯又有内涵，关注了,11
onemingl,2024-01-07 15:50,看完了，就像一个朋友在和你聊天一样,10
账号已注销1157952,2024-01-05 19:13,我记得这个视频是发过啊  为啥还发布一次  是做个总结嘛,4
暴走兄弟,2024-01-05 20:36,总结,0
账号已注销1157952,2024-01-05 19:14,前面一部分是一样的  后面的话不一样应该是个总结视频,1
小艺小艺和小爱同学,2024-01-08 15:37,稳定真的发展的第一条件。看一看我们的国家,8
快进到统一,2024-01-08 18:21,UP可以i把与省长互动的视频投稿给共青团账号或者央视,7
彦律,2024-01-09 08:31,总感觉up主像金轮大司马,5
一定要暴瘦的王唧唧丶,2024-01-09 10:47,我觉得像大鹏 = =,0
雪莉酒的男朋友,2024-02-03 20:59,"注意安全🙏√
赶紧缓存√
太敢说了√
up保重√
不要命了？√
先缓存√
最后一期√
保护√
真正的勇士√
up小心一点√
大胆！√",4
猫子夹生版,2024-03-04 19:38,为什么我在交友软件上遇到的完全不一样，我一上去就高兴的打招呼 可对方冷静的就像相亲对象一样，首先告诉我们之间没有朋友 国与国之间只有利益……有种奇怪的感觉 虽然他说的没错，,4
不知名虫虫,2024-05-01 15:52,我遇到的巴基斯坦人还蛮友善的，主动教我Urdu，邀请我去那玩，说巴基斯坦北部风景很好，值得一看,0
昆汀sha强,2024-01-11 15:00,都是巴字头。巴基斯坦和巴勒斯坦怎么就差距这么远呢。如果巴勒斯坦和咱们也是巴铁。此次巴以冲突又会有何种改变。很有意思,2
八云叔叔,2024-01-09 17:39,真实且中肯，让我对巴基斯坦有了很直观的真实了解，不再是网上和资料里面所说的巴铁两个字。,3
小緑同志,2024-01-08 21:07,很喜欢up的这种记录方式，不去给观众灌输太多主观的想法，而是把自己真实的经历说出来，让大家自己去思考，但我其实也不会根据up的这些经历去下结论，但是是很好的参考，有机会还是想自己到处去看看,3
小至有尊宝,2024-01-09 23:57,"笔记
笑死我了，原来巴铁也用国际友好手势",43
-Usti-nian-,2024-01-10 21:31,,0
碧桂园门酱,2024-01-14 21:12,,0
化学小白_,2024-05-25 13:25,巴基斯坦很多人对我们的好 都是建立在我们的前辈对巴基斯坦的贡献上的 他们有的人甚至为此付出了生命 永远留在了异国他乡 他们守陵园也是应该的 我们应该感谢那些前辈们 我们在巴基斯坦得到的好 本来都应该是属于他们的,3
edc_0731,2024-01-12 20:14,巴基斯坦上班的同事，2021年回来的，说，他们是不准私自去市区的，只能机场到办公区域两点一线。办公区域门口有实弹警卫把守，出行去机场也是防弹车开道。,1
做个俗人-知世俗,2024-01-20 11:53,看工作吧，或者说普通人过去没你们想象得这么好，我在这边半年了，什么都看透了,2
孟香柏,2024-05-16 22:59,up主好好哦，说话很客观，也不会带有一种让人不适的预言描述别人的友好或者说其他国家的女孩，真的能看出来人品很好啦～关注了,0
举相机的斑比,2024-01-09 22:04,因为地缘政治的利益交换是本质，但是由此引导的民间情绪却有一部分当了真，可是事情往往就是专业，一件事，只要当真的人越多，那这件事大概率就会变成真的，这既是指向了部分的巴基斯坦人民，也是指向了部分的我国人民。该如何面对这种情绪呢？认清本质，顺势而为。,1
姬神空,2024-01-13 01:44,清醒,0
舍曲林_CN,2024-01-07 20:48,这个视频是最准确的，目前感觉，其他的视频都是一概而论的,4
夏目jz,2024-02-27 12:36,没必要谁对谁优待，平等互助才是最好的发展，也没必要去占别人的便宜,4
萝卜味薄荷,2024-01-08 20:53,人之常情，自己时刻保持清醒，这个社会是灰色的不是非黑即白，注意安全,3
帅气多金且66,2024-01-08 12:00,巴基斯坦的反对派是指巴塔吗？,0
Lj5Lg,2024-01-08 13:56,应该是巴解，巴塔是KB针对所有歪果，八戒后面就是三哥支持的只针对兔子人。,1
星海联合扫黑办灰风,2024-03-02 12:51,中巴友谊关乎中国国家安全，巴基斯坦所处的地缘位置对中国及其重要，关乎中国对中东的战略输出。,3
追风魔头,2024-01-09 08:12,没有全球金融中心的地位和科技地位，必须内卷才能过上好一点的生活，没办法。。,2
追风魔头,2024-01-09 08:40,另外我觉得没有目的的好是危险的。。,0
无法自拔小白菜,2024-02-19 17:51,我说实话巴基斯坦之所以能和我们这么好是因为我们帮助了太多太多，力度很大。但是，至少从视频里看，大部分巴基斯坦人是对中国友好的。这就足够了其实。我们需要这样的国际伙伴。当然，也不排除这样的小国以后为了利益而倒戈恩人（比如越南和朝鲜），毕竟国家间只有利益。,2
-Spike---,2024-01-30 22:03,本来国家层面上友好和国民真实态度和认知如何就未必能完全划等号，比如俄罗斯，其实他们论坛之类的看起来在亚洲里还是喜欢日韩的更多。即使国民普遍喜欢和欢迎某国人也不能说就没特例没危险什么的。我在这边遇到过两个开店的巴基斯坦人，一个开的是kebab就是土耳其中东那种烤肉，他就问我和我朋友是不是中国人，是不是刚来这边，然后闲聊两句说如果遇到有什么问题可以联系他。另一个是开咖喱店的，巴基斯坦和印度挨着饮食就很接近，也是吃这些。前台收银的看到我们是中国人也说了两句比较友好的话。虽然或许只是些客套话不过确实让人感觉挺温暖的。,1
亮亮繁星相随,2024-01-07 02:15,朋友跟你铁可能是因为你们长久的相处，陌生人跟你铁可能是因为你能给他带来好处。,4
honey_Henry,2024-03-17 13:26,看了弹幕好多人质疑，去查了一下，up主在抖音有464万的粉丝，所以视频没说错,3
任少校,2024-01-07 22:33,UP的评价非常中肯，什么地方都有好人也有坏人，,4
裘人丶,2024-01-12 19:37,只能说了解很片面，巴基斯坦不管上任是哪派的对中国的政策都是友好的，在巴的恐怖组织都是印度支持的，而印度身后少不了英美的身影,1
托垃車,2024-01-08 18:06,UP的视频做的好棒！但是UP看能不能搞成VLOG的那种，就直接在实拍视屏里讲解，单独录制的采访少点.....然后实拍视频多点，实拍原声多点.....,1
R-301卡賓槍,2024-01-09 16:38,有些话你只能后期说  有些感受只能后续来谈  他以前的视频都是vlog 啊,2
帕西法尔k,2024-01-09 20:49,博主说出了真实世界的现象，没有无缘无故的好。,3
北疆旅人,2024-01-06 13:06,很客观很真实,3
树鱼929,2024-02-06 20:25,很有意思的是，在欧洲其实遇到了一些巴基斯坦人。我对巴基斯坦人，因为巴铁的缘故，其实是要比其他人热情一些的，但在欧洲遇到的巴基斯坦普遍对中国人有些冷漠不知道为什么，似乎不知道中巴友谊这回事？,1
lawjack88,2024-01-12 01:20,在命理术数的理论：好人≠贵人，坏人≠小人，贵人与小人是一种状态。坏人有时是贵人，好人有时是小人，所以俗语说得好：好心办坏事！,0
飞扬960522411,2024-01-06 22:55,为啥要有优待，平等就好,0
亮亮繁星相随,2024-01-07 02:18,在不平等下求平等是挺难的。,1
大栗子王,2024-01-09 17:27,中国的内卷也可以说是努力有可能改变自身的处境或是阶级。很多国家不内卷的原因是努力一辈子也无法改变自身的处境。再加上中国自古以来的苦难教育，造就了中国独一份的内卷情景。,2
生产队旳驴,2024-01-16 19:54,因为你拿着拍摄设备，就算不是记者也是能把看到的带回国的，不管什么派，他们都会尽力去交好一个强大的邻邦，会把最无害友善的一面展现出来，除非是故意挑事的恐怖分子，否则拿摄像机的相对普通人是要安全很多的的,2
昆奇-L,2024-04-11 05:19,建议大家也多看看vlog类的，最好是直播，那个更直观，我没去过，但我始终相信，再好的地方也有坏人，再坏的地方也有好人，何况还是一个不发达国家。。。,2
今世无悔入华夏,2024-01-06 15:57,等中国强大了，越来越多国家会这样,5
chen阿橙,2024-01-07 10:01,互利共赢当然铁了,4
Richie5831,2024-01-09 16:56,不是现在都说巴铁不是真的铁？没有去过确实不好判断,1
THEBESTChris,2024-01-09 20:58,纯粹的善是稀有的，大部分是为了有利可图，但不代表这种善是低劣的,4
越越越秋,2024-01-10 16:08,我只看到过我们的人会去证明国与国人民与人民之间会有除了利益以外的感情，实在不理解不理解,0
itstruBunnies_,2024-01-07 12:42,视频真的很好,3
TheFive清风,2024-01-14 17:15,巴美准军事同盟,4
青眠谷雨,2024-02-28 19:10,好的，不好的，不好也不坏的，穷的，富的，符合你价值观的，不符合你价值观的，它的任何一面某种程度都是真的。,2
丁sting168,2024-01-11 02:31,点赞支持，请问罕萨山顶建筑是不是佛寺？巴基斯坦有佛寺吗？,0
萨沙德嘞,2024-01-05 19:07,失踪人口,3
一壶_清茶,2024-01-15 02:28,"Up主还是得注意安全，好运并不会永远倍伴身边，大使馆提出了忠告的情况下，人在海外不能任性啊。
你的第一次巴基斯坦之旅我全程跟了下来并关注了你，这次你的第二次巴基斯坦之旅说真的我不太赞同你的选择，还是要选择在和平的时间出游。",0
况一凡,2024-01-10 01:15,疫情前在迪拜呆过三年，跟很多巴基斯坦人共事过。怎么说呢，他们的心态真的很好，每天开开心心工作生活，对中国人也确实好。印象最深的还是他们的奶茶啊哈哈哈,2
蒙娜丽莎的丁字裤,2024-01-06 14:07,期初以为是前几期的合集  看完还是有不少没有发过的内容  等了好久这一个系列的更新   看来是没有了  投币支持一下,2
汉_唐,2024-01-10 19:52,反对派感觉不是很准确，一般的理解中，反对派是指在野的合法政党，但发动恐怖袭击的肯定不会是合法的，而是地方分离分子或者极端恐怖分子,1
御寒我靠,2024-01-07 17:41,很高质量的视频，国与国之间利益永存,2
hirowl,2024-01-07 22:23,真心希望全世界劳动人民都能过上点幸福日子,2
到这就沉默了,2024-04-25 19:52,一则是因为阶级的固化，二则是因为国家层面，所以想通过外力来实现自身资源优化。可以理解，毕竟真正经历战火淬炼的友谊已被时间洗礼。,0
先锋龙骑士,2024-02-22 14:28,不管两国关系怎么样，反正我不会轻易信任他们，因为信任是需要代价的，友善也并不是毫无目的的，还是那句话害人之心不可有，防人之心不可无，更不要随意去泛滥你的善心，这有可能会为你带来灾祸，他们会觉得中国人就该帮助他们。,1
e灰白戴夫,2024-01-16 15:06,我觉得最好还是不要随意到别人家里做客吧，毕竟潜在的危险谁都无法意料到,2
47443978915_bili,2024-01-10 12:28,100天我个人认为了解深入是不可能的，最起码住个一年半载才有可能了解真实状况。,0
咩野谭生,2024-01-09 15:07,这么高质量的纪录片流量却这么少，太可惜了,2
蜜桃烏龍好喝,2024-01-13 02:15,说的很好，这个世界不全是善良人,2
稻粱苦谋,2024-01-09 18:33,有一点说错了国内并不算真的卷 只是因为各种原因比不得以前，所以搞得好像现在很卷。每个国家其实都差不多 贫富差距只会越拉越大 区别只是中下阶层的生活水平而已,0
lake12345,2024-01-12 13:26,确实记录的很好！三连了,2
阿磊古,2024-01-10 18:34,Up在外面的时候看着很年轻，在家里拍摄的感觉怎么那么成熟呢,2
榎谷,2024-01-08 20:39,你终于舍得出长视频了,2
爱人家园,2024-01-07 15:07,整体性来说中国难得去外国有点朋友感觉的国家，但是国家人来说，好人坏人坏事哪来都一样，所有该怎么办就咋办,2
这个师兄不太稳,2024-01-15 17:44,你这视频太硬了，我投倆币表示尊敬,2
西城败,2024-01-12 01:35,UP如果直接说枪和手枪是不会被人吐槽的，但是因为你在枪这事上张口就来，结果就是造成up的视频可信度降低,0
小宝不姓韦小,2024-01-20 17:14,老哥，油管上怎么不更新了呢,2
种花兔0726,2024-01-10 22:55,没开倍速全部看完了，很具体，完全结合了实际，很棒很优秀的一个视频,0
R-301卡賓槍,2024-01-09 16:47,博主这一期视频真的很中肯！,2
棘罪王冠,2024-01-11 15:12,哪个国家都有真诚的人和虚伪的人，只能说巴铁大体上对国人是比较真诚的，有优待是事实，但是没营销号吹的那么夸张。不过那地方也确实比较危险，还是尽量别去，不是不支持巴铁兄弟，自己的命也很重要,1
hg0315,2024-01-07 02:25,莫忘世上苦人多！,2
粗暴的小学生,2024-01-11 18:22,如果大使馆告诉你去了之后要小心，那就一定要小心了，普通游客在告知期还是不要去，不要玩命。,1
LION_breeze,2024-01-20 16:34,国家之间和人与人之间是不一样的，国家的实控人不断变化，不可能是永远的朋友，永远的只是利益。所以别铁不铁的宣传，容易误导国民。,0
85号赛车选手嘿嘿嘿,2024-01-12 11:41,up主有勇有谋，拍的又好，总结的又很有深度，佩服。,1
魏蔚然,2024-01-07 19:10,念稿的声音对视频观看不太有利，建议提升一下,0
开心郭郭,2024-01-08 15:59,中巴关系越铁=中印关系越差，反之亦然,2
DogPanzer,2024-01-16 20:42,不是所有木仓都叫AK47......,1
绪名,2024-01-07 20:32,"见证了一次呢
似乎世界很复杂多变
仅仅个人而言你们所经历皆所忘
我们不意味着他们的好
也不是媒体的播放量
于此同时我们要有更高的楼层所展望",1
樱木JM,2024-01-27 22:52,很客观，很全面，给你点赞,0
肃正Vitality,2024-01-13 22:11,UP啊= =以后咱就说枪吧.....AK47有点出戏啊...没别的意思就是一个建议...,1
源分ori,2024-01-17 05:52,我看到视频中巴基斯坦人有很多与印度的相似之处，怎么区分谁是印度人谁是巴基斯坦人呢,1
__啦啦噜__,2024-05-27 01:41,现在在泰国旅游，去路边的小饭店吃晚饭，突然旁边一个外国大哥把我拉起来去取冰块，说是看我们一直在擦汗，跟我们说这里有免费的冰块，非常热情一直在聊天，搞得我很疑惑，刚表达完感谢大哥就说“No problem，I'm from Pakistan”那一刻真的很感动,0
零崎陆識,2024-01-25 14:32,政府舆论引导的力量，你帮助他们援助他们他们可能成巴基斯坦也可能变成之前的越南，援助的行为不变只是政府的引导不同，巴基斯坦和印度这么相像也完全可能因为政府的引导变成印度那样对我们的态度，世界上那么多仇视中间都有人挑拨，本都可以和谐相处合作共赢。,0
gujunalex,2024-01-20 00:33,这是我见过最好，最真实，最朴实的巴基斯坦见闻，非常喜欢这种风格，非常感谢作者,1
微电法王,2024-01-07 20:13,3.27 10块人名币？,2
蝈蝈MC69,2024-03-14 13:06,态度也是看人的，疫情时候，我闲着没事在外网上聊天，一个巴基斯坦大叔，上来就自我介绍，问我能不能帮他搞到中国护照，他是大车司机，生意不好做，希望能来中国工作，当时就很无语，外国人这么直接么，不熟的人都能这么直接的要求。,0
MikuMikuAr111,2024-03-03 16:52,19年去过一次，卡拉奇和拉合尔感觉还行，大城市基本都不太乱，上档次的地方都查的很严，去山顶的一个比较好点的酒店吃饭都是荷枪实弹的保安和金属探测仪查车。飞机到站就去坐大巴，路况整体来说凑合，就是路窄车多，开的都慢，不过好在能用的货币多，而且网络虽然速度慢，但2g回个消息也能做到，就是手机卡太贵了,1
BanSau班寿,2024-01-28 10:25,此时，一名松下射手发现了桌上摆着一部看着像S1H的机器，于是果断一键三连。,1
下北泽神医,2024-01-10 21:14,巴基斯坦，基本全靠第三方势力资助才能在印度的攻势下支撑下来，当然巴基斯坦的军队本身战斗力也确实还行，但耐不住内部不稳定，加上太落后，这个国家的发展前景连阿富汗都不如。,1
乌云5,2024-01-13 12:35,up好白啊，有什么特别的护肤技巧吗,1
等-碗孟婆汤,2024-02-19 14:28,通过政府在巴基斯坦建代工厂成本会比国内低，这样能提供就业机会，让底层人民赚些基本的生活费用。。。,0
平静的聆听暖风,2024-01-09 20:09,UP  没有去看飞哥吗？飞哥也是巴基斯坦  星光村！,0
花芝丸糯米,2024-02-13 22:45,我在看很有意思的up主 加油 2024年拒绝无内涵没营养的超短视频,0
迷途千年,2024-01-14 18:04,非常中肯的评价，谢谢！,1
努力戒碳,2024-01-07 20:46,这么长的视频。我居然看完了，句句干货，没一句废话，真不错，奈斯,4
迪亚波罗IV,2024-01-08 23:08,如果一个国家的最底层贫民，能无任何附加条件地帮助一个中国人，叫声巴铁并不为过；同时，任何一个国家的权贵阶级，与任何人交往，都是带着目的，他们没有什么所谓的信仰。,1
hirowl,2024-01-07 22:27,目前我所知道的叙利亚、伊拉克、巴基斯坦都是对我们抱有极大善意的国家,1
亦木木木-,2024-01-12 08:58,在英国，我和我同学遇到的所有巴基斯坦人，一听说我们是中国人，都立刻笑起来，说着bro，积极帮助我们,1
光影迷梦,2024-01-20 00:58,其实都一样，我们普通人一个月几千一万多点的工资，那些有钱人出去溜达一下一天也会花我们一个月好几个月甚至是更多的工资,1
sank-star,2024-01-14 21:32,社会矛盾应该不小吧，希望不要因为对政府的不满转变为对中国的仇恨，普通人太难了,1
Dふ也,2024-01-09 01:54,UP结尾那段你是真懂怎么说话啊，你真棒啊，哈哈哈哈。不过我个人还是幻想浪漫一些好。,1
浔初Ri,2024-05-11 22:21,很中肯,1
雪白的蛋糕,2024-02-07 20:52,中国女的可不容易交往 也就那边的富二代有这实力给彩礼钱 又有房子 又有车的，但话说回来 一个女的真去那生活 习俗完全都不一样 适应期也得有勇气的，总之不容易，，，,1
Kylee凯尔,2024-01-09 23:04,之前去弗洛伦萨旅游，在一个景区买可乐，然后商店的小哥看到我是亚洲面孔就问我是哪里的，我说中国，他让我猜他是哪里的，我随口一说Pakistan？他说说是的，我们是好朋友，一段奇妙的经历,0
兔里兔气的菜狗,2024-01-07 20:58,很真实的评论，upup,1
乌贼鱿鱼没有脊椎,2024-01-13 18:53,一带一路不仅仅是经济层面的,1
BAYANSKY,2024-01-11 13:59,成长了，从上次蒙古国被宰，到现在成为老江湖，旅途上的坎坷重塑了每个人的。加油兄弟,1
懂亿点滑铲的达,2024-03-03 22:41,这几年看过最有深度的视频。赞,1
庸人应劫,2024-01-23 13:55,铁是血换的！没有无缘无故的感情~,1
随性的梵高,2024-01-10 22:01,白沙瓦的不应该叫反对派，应该叫反政府武装,1
看電影玩遊戲,2024-02-14 00:57,利益这种东西不用深究，论迹不论心，论心无完人,1
千江寂,2024-01-08 00:25,非常好的视频，结论比较公正,1
48号萤火虫,2024-03-15 07:58,谢谢你分享的巴铁视频 让我看到了真善美,1
锅锅酱集,2024-03-27 17:37,这经历评论很中肯了,1
琦羰不琦0,2024-01-08 21:36,希望祖国强大，希望文化交融，希望人民富足，希望世界和平,1
施-福卜斯-嚯,2024-03-10 11:29,人要长大到一定程度，长“老”了，才懂得善意的珍贵。,0
瑞瑞潇潇,2024-01-14 15:31,留两个币吧，up很棒,0
大少年小沧桑,2024-02-07 20:23,巴基斯坦政局混乱我一直都知道，但巴军方与中国始终同心，这点存在，中巴友谊就不会崩,0
815小日子寄快递,2024-05-20 00:12,人性啊，不能考验，一考验准失望，论迹不论心吧,0
BILI×2,2024-01-22 12:39,感谢up主展示了世界的参差,0
番茄king啊,2024-02-04 21:32,这个视频很真诚，给所有真诚做视频的up点赞！,0
试试又如何,2024-01-05 20:47,点赞投币了，最初关注UP也是那时候UP主，在白沙瓦街头的视频,1
JeanWan,2024-01-29 15:09,比20岁还没去过星巴克有活儿，有深度,0
读万里路,2024-02-01 13:47,真诚和利益不矛盾的，大多是真诚的利益。,1
pikey2002,2024-01-08 20:48,一个多月不见了，欢迎回归,1
邓子子,2024-01-28 17:17,视频做的很好 很客观,0
畫欲子,2024-01-19 12:30,@高雨田大魔王- 那，高雷师叔，您也知道我喜欢巴基斯坦特产，但是您去吗？！,1
马中秋马导弹马光伏,2024-01-06 21:36,很好，很客观。,1
猫宁morning丶,2024-02-04 08:12,讲的真好,0
麦田的镰刀,2024-01-27 17:05,互联网确实是连接世界的好东西，全时机普通民众都是一样的，极端分子都是少数。,0
蓝帽子委员会CCCP,2024-02-28 21:51,有光明的地方，就会有黑暗 人性本应如此 有酸就会有甜,0
fsh怪兽,2024-01-12 12:54,很喜欢这样娓娓道来的视频,1
kainimaa,2024-01-22 02:21,即使没去过巴基斯坦，看到这个视频我也不经的挺起了胸膛。,0
吃鸡精骨质疏松,2024-02-02 06:43,看完点赞~！世界就是这么真实，人也是这么真实。,0
玮仔二八了,2024-01-13 19:23,up很诚恳,0
骨傲天手下,2024-01-20 08:03,大家都珍视这段友谊吧,0
Y易江南Y,2024-01-10 21:05,你凭什么觉得自己能得到另外一个人无缘无故的纯洁友谊？不管是友谊还是亲情，爱情都是需要经营的，是需要维护的，是需要付出的好吧！前人栽树后人乘凉，你还想只摘果子不去爱惜养护这树？,0
JELENAJUSTIN,2024-01-11 16:36,好👍,0
李狗李狗泥,2024-01-11 02:02,很好的记录片,0
居家学习到几点,2024-01-20 21:51,设备拍的好清楚啊,0
冬天的尽头是春天,2024-01-21 19:57,这一期是以前的大集合啊,0
dongdonghit,2024-01-06 03:19,可咋整？怎么越来越好~,0
灵若PPQ,2024-01-09 21:28,我去的可能就不会 我社恐,0
猫咛Day,2024-05-19 19:07,认识的很深刻了,0
fbkmqj,2024-01-10 16:20,希望中国政府能对巴铁更好点,0
冰辰r,2024-01-11 17:31,up主这种旅行才是真正的旅行者！,1
Enona,2024-05-19 22:58,利益是永远的朋友,0
耀眼的日常,2024-01-08 03:51,魔幻，有点难受,0
民宣小分队小分队长,2024-01-10 19:24,几年前就看了他的所有视频,1
蓝屏本瓶,2024-02-21 20:45,客观！,1
华丽的旅行,2024-01-30 03:09,"走到中东,才知道生在一个强大稳定的国家是多么的幸运,..祖国万岁.",1
六零_斯卡雷特,2024-01-08 03:15,视频看完了，中巴友谊万岁~,1
渡_Li,2024-01-07 17:20,好真实。,1
厉星v,2024-01-31 17:59,为什么这么铁你给我钱，给我援助，我也跟你铁,0
慧慧店长,2024-05-08 17:53,up好帅,0
千古第一大变态,2024-03-12 11:15,学会了，以后出去玩带摄像机,0
隐么,2024-01-08 13:24,利益嘛，不管那个国家都一样,1
bili_52259003545,2024-01-07 13:04,都是人，很正常。,1
魅族首席型号命名官CNO,2024-01-07 02:07,好久不见，兄弟,1
骨傲天手下,2024-01-20 07:48,中国在全世界都在种善因结善果,0
奇异的和弦,2024-01-10 13:08,拿的是散弹枪，不是AK47.,1
任聪聪Vlog,2024-01-10 21:09,是人都会有目的的，没办法。,1
bili_23342440911,2024-03-12 10:00,冷知识:白沙瓦以前是佛教圣地,0
凯子BOY,2024-02-23 16:35,我家以前有个伊拉克客户，很多年前送了我们一根象牙，也不知道他怎么带进中国的,0
LynyrdSkynyrd_,2024-01-14 11:34,这还能看到我潮汕特产,1
雨神-萧句腾,2024-01-07 14:37,感谢这位特工up,1
五菱萌主新洲分萌,2024-01-27 15:17,国与国之间就没有永远的真正的友好,0
大温象,2024-01-07 13:58,我还有你的微信up，好久没刷到你的视频了，以前经常看,1
Psy_Trance,2024-01-08 21:06,这贫富差距，有种洛斯曼的美感。。。,1
我来探探路呢,2024-01-31 21:50,利益为先，别想太多,0
根跟根,2024-01-26 15:20,竖 打错了 坚持 我说看半天呢有点奇怪,0
苍云,2024-01-29 22:12,巴基斯坦同时是中国和美国的友好国家。,0
幻想东方梦,2024-05-14 20:35,每个国家的富人生活都差不多，但是穷人天差地别。,0
Mee_nuka,2024-01-27 18:33,唏嘘,0
愚人foool,2024-05-14 05:12,一谈到合作国家，那就是没有朋友只有利益，天天搁这念经呢，连善意都不被允许释放，那不是求着别人变成敌人？合作友善的时候不去维护这个关系，难道要等到关系破裂了再行动？在这种友好的大环境下硬泼冷水降温，我不理解这是一种什么行为,0
韩增浦,2024-02-17 19:59,内卷是因为给你卷的机会，给你上升通道，再难也是有的，但是国外基本是没有上升通道这种东西的，财富，地位，甚至知识技能都是世袭的,0
LucioHanzo,2024-04-09 20:42,up好帅,0
情妙淡喜,2024-05-18 20:08,从来不觉得巴基斯坦有多铁，都是利益趋动。本质上，巴和印的国家生态一样，就凭这个，你就能想象这个国家的状态了,0
常圣妖,2024-04-07 07:47,如果你想要一个简单的答案，那这个视频就是如看，但如果你带着脑子，这视频还是有参考价值的,0
bili_27503239219,2024-02-19 15:30,@点点,0
小豆包咪,2024-01-10 21:28,保姆司机护卫管家，全球皆准！~~,1
丶逍遥叹丶,2024-02-23 21:29,贫富差距大不是每个国家都有的嘛，有啥好奇的,0
额_滴_神_啊,2024-01-09 12:36,六七千哪里请厨师啊，我们这四线小城市，请个主厨都要一万多好多,1
埃克225,2024-01-10 02:23,新疆90年代也有那种微型车拉客的！现在没有啦。,0
那年e十八,2024-01-06 11:53,关注日打卡,0
真英雄不近女色,2024-01-10 08:22,up是做什么的，怎么那么有钱，老是出国探险，我可以跟着混么,1
white-dryad,2024-01-29 19:48,豪车这一段我几年前好像看过,0
听英语故事催眠,2024-01-08 01:19,刘海有点长呢，兄弟,0
小化同学本人,2024-01-07 18:35,29:25,0
Azmsrfan,2024-01-14 18:48,这是玳瑁眼镜吗,0
桥头半仙南宫,2024-01-24 00:51,利益，说到底还是利益问题,0
沸腾369,2024-01-21 22:09,机场索要小费，几百块钱，是人民币还是当地卢比？,0
holaBzhan,2024-02-06 15:28,卡拉奇那小伙怎么联系啊？,0
神之所幸,2024-01-07 21:47,"笔记
为啥喜欢找中国人要小费，因为出去旅游的很多中国人很有钱。最近法媒贴了一篇报道，说这两年中国游客减少了，他们损失了多少多少钱啥的。他们用的单词，dépensière,这个单词就是爱花钱的，奢侈无度的意思，前面还加了个très ，就是very的意思，就是非常爱花钱的。去巴黎老佛爷等地方逛，很多中国人在那边大把大把买奢侈品。我之前去克罗地亚的斯普利特玩，在那边饰品店逛的时候老板知道我是中国人专门拿出他们家珍藏的珊瑚项链给我看，他还有专门的微信群，说是很多中国人从他们家订那些珊瑚饰品，一个几千欧的项链大把中国人买。中国有钱人真的太多了，导致很多老外遇到中国人都想捞点。",35
LynyrdSkynyrd_,2024-01-14 12:00,贫富差距真的太大了，在贵州的一个小地方见过雪天凌晨背着还不会走路的小孩出来捡破烂的，也见过当地车牌的劳斯莱斯,4
这个昵称还没有人用过才怪,2024-01-09 20:59,"曾经在巴基斯坦工作生活过一段时间。
关于针对中国人的恐怖袭击这些，博主提到了反对派，其实这背后不一定是反对派的锅。

因为国家利益的关系，现总理谢里夫派，和反对派前总理，对华基本政策都是友好。
国内矛盾的话，边境省邦是后加入的，与中央政府的向心力没有南方省邦那么大。
但仅限于国内矛盾，并不会转移到中国人身上。

中国人受袭击的罪魁祸首，是在巴的恐怖组织。
尤其是白沙瓦这种北部山区、靠近阿富汗，反恐难度比较大。
官方的消息是，部分恐怖组织是受境外势力资助（印度相关）。

不管什么原因吧，出门在外还是要注意安全。",695
长猫的尾巴,2024-01-27 22:18,"我记得六年前我去的时候，就发生过一起，忘了名字叫什么，是一个村子。一声响，然后我还没反应过来。旁边的一个穿白的帅哥就把我一把拉倒在地，然后拽着我钻到桌子底下。我才反应过来，大概是恐怖袭击。关键是，那帅哥还紧紧地把我压在他身下，真的。后来我差点哭死，他用蹩脚的英语对我说，你是我们的兄弟，不能让你出事。
回国两年后，我也才知道，马哈迪没了。说实话，我难受了好久。但身体状况不再允许我远行，所以每年我都会在祭奠我姥和我父亲的时候，会给他烧点纸，这也是我现在能做到的了。
真的，没想到还能看到这样的一个视频，那些回忆一下子又回来了。真心希望巴基斯坦再无战争，好好发展。也希望那些心存歹念的暴徒尽快死光！",88
天--痕,2024-03-29 10:35,"据中国驻巴基斯坦大使馆消息，3月26日下午当地时间1时许，中方企业承建的开普省达苏水电站项目车辆在途中遭遇恐怖袭击，造成5名中方人员、1名巴方人员遇难。
巴还是很危险的",0
天依酱是我老婆,2024-01-15 19:40,"中国人的勤劳品德到了up嘴里成了内卷？
麻烦你们不要创造词语！！！
中国人是很勤劳的，他们愿意多多加班这就是他们勤劳的体现，把那些不勤劳的工作摸鱼的同事排挤走，公司能更有效率的。
勤劳加班在你们眼里成了内卷，
在公司愿意多干活也被你们嘲笑内卷，
这个社会已经进入了一种畸形，那些少干活摸鱼的人只会喊着内卷卷死他们了，他们却从来没有沉下心来多做事少说话，那些低头默默工作的勤劳的劳动人民在你们的键盘下成了内卷的典型。
何其可笑！何其悲哀！！！",0
UnstoppableDream,2024-01-16 01:25,乐 卷王卷到最后全给老板做贡献了,0
猫生叹气,2024-01-26 20:08,为啥你会把内卷2字想的那么坏，内卷对于消费者来说是好事啊,0
记忆的片段,2024-01-08 13:24,我认为，巴铁对我们的好，不是因为我们发现的好，不是因为国家厉害，最主要是因为巴基斯坦物质文明的落后，人民特别是底层人民还没被各种物质利益所干扰，在没有其他利益熏心的时候，或是没有利益交换的时候，所对你的好那才是发自内心的真诚。像up所说，看那些顶层人士不也都是带着目的去认识up吗？这就像极了七八十年代的我国，大家贫富差不多，生活差不多，人与人之间就很单纯，对你好都是发自内心。等巴铁经济发达了，有些感情也随之会变的……,532
悍匪绿皮,2024-01-09 05:23,不，不论是两国之间还是两人之间，是否能长期友好需要在共同的利益基础上能够相互理解、共同经营才行，少了哪个都不行，单一哪方努力都不行，和经济是否发达没有必然关系，富有富的交往方式，穷有穷的交往方式，关键还是要看有没有共同利益、能不能相互理解、有没有共同经营,92
鲁滨逊大石,2024-03-13 17:24,回复 @悍匪绿皮 : 说的太赞了，果然评论区有大神！！！,0
镇江造船大专,2024-01-09 02:15,穷山恶水生刁民，这句话是怎么来的？,47
鲨皮芭拉很性感,2024-01-31 13:36,像很多中国建交的小国家其实对国人都很欢迎，去伊朗感受尤其明显，10月份巴以冲突的时候我在自由塔，结果转头进了德黑兰整个城市就升起黑旗了，感觉阿拉伯波斯人是真的不care老美，说干就干，我们另一个团是美籍华人团，他们因为美国护照的原因处处碰壁，但是感觉之所以他们还能进伊朗的最大原因就是他们曾经是中国人，在伊斯法罕能一路被一群人拉着说话有时候过度热情还挺让人害怕的......,0
陳勝王,2024-01-30 20:44,"我并不希望“因为自己来自中国所以被优待”
因为我知道不管出生自哪个国家都会有恶人，如果上述条件为真那一定百分之百会有“假借中国人身份去巴基斯坦行蛮横霸道之事的人”
以心换心便好，我善待他人，然后才有资格希望他人善待自己
因为过去国策亲中所以觉得巴铁每个人都是巴铁那就是以偏概全。同样因为现在出了个亲西方政府班子所以觉得他都反中了那同样是以偏概全。
还是那句话二极管要不得",2
骑个比名字真难,2024-01-24 23:58,巴铁不是无缘无故来的，其实最主要的是印度，巴铁曾经想依靠美国的，不过美国可能兴趣不大，这事要推远了，其实是英国佬留下的后遗症，藏南也是英国佬的杰作，巴铁这地理位置决定了目前只能依靠中国，没得选，不然根本没法和印度对抗，印度其实有点毛病，总想和中国一争高下，中国人既没有侵略它，也没有殖民过，你说它是不是有毛病，国与国的友谊是建立在利益之上的，巴铁是中国人一厢情愿的说法！,0
詹思圆,2024-01-10 15:14,怎么感觉巴基斯坦有点像   诸葛亮治理之后的蜀地一样的描述。，人人感恩戴德，各种发誓维护好这份情感，因为谁谁谁来这里发展了，这里改天换日，从贫民窟变成了城市，那么他们过来接近中国人也是为了有个机会参与到新的发展吧，给你送东西的目的应该是让你宣传吧，，毕竟你走的比较多，比较远，理论上就是免费的广告牌,0
雪月蓝沙,2024-01-24 17:44,感觉就像70年代前中期我在外滩看到黄头发蓝眼睛的外国人一样，当年我们收入一个月几十块，中国的物价在他们眼里低的不可思议。但凡你能和一个洋人拉近关系，肯定是有人想要点什么，甚至于有的人嫁给洋垃圾（外国捡垃圾的人）也无所谓。作为一个过来人，祖国的强大，才是如今我们富足有底气的前提。,3
只爱我的国,2024-03-10 11:03,枪支泛滥，蚊子贼多，我待的地方离卡拉奇还算近，一年中只有12月和1是凉快的时候，其余的时候都是38度左右，炎热季节最热干到50度，但是当地人不错（当然仅限于男人啦哈哈），女人基本是是不会跟你打招呼的都是躲着走，可能是因为宗教问题吧，还是因为我们吃猪肉不干净？,0
虚空-cheems,2024-01-18 20:25,我觉得铁是地缘原因，巴基斯坦旁边挨着印度这个大国而且印巴有冲突。一个小国旁边挨着大国，谁不紧张？想要寻求帮助只能找我们，一来二往，我们出人、出资金、帮助他们基建、巴政府也大力宣传，这不就铁上了吗（仅为推断，若有不恰当地方将删除）,1
蓝蔚海天,2024-01-19 21:50,巴基斯坦和沙特是主要合作对象,0
西苑五栋218,2024-01-10 21:16,up主也没说这些优待是应该的，他也说了优待中国人的原因，反倒是评论区学了几句永远的利益云云，到哪都刷刷刷，up主好歹是自己去看过感受过的，比弹幕评论不懂多了？我因为工作原因也经常接触巴基斯坦和中东国家的军人，对up记录的有些内容也是深有体会,110
下北泽神医,2024-01-10 21:28,官方层面的友好大都是为了利益驱使，但民间也有不少是实打实的感激中国的付出，算是用前辈的牺牲换来的。,29
从寒虾,2024-01-08 17:01,"巴基斯坦在中国的宣传很成功！
这个国家对中国有着天然的威胁，一个靠近中国的有核国家，代表西部战略纵深荡然无存，对巴基斯坦，最好能分成几个国家，然后无核化
让一个国家拥核去制衡另一个有核国家，这种策略绝对有问题，看看周边已经多少国家拥核了！",3
星河河心,2024-01-25 14:41,"但凡懂一点地缘政治和一带一路，你就能知道巴基斯坦的铁不是巴基斯坦说了算，而是中国说了算。
巴基斯坦位于一带一路主干道，是西出中亚的道路正中心，并且和伊朗互射弹道导弹，轰炸了各自境内俾路支，为一带一路清理路途障碍，这根本不是铁不铁的问题。",2
阎魔爱awa,2024-01-16 15:45,巴基斯坦现在这么动荡，我印象中不少恐怖分子，比如说那个萨拉菲，如果打内战，他有政权的话，还会跟中国保持友好吗？而且巴基斯坦是多党执政吧之前一直以为巴基斯坦有核，还能跟印度保持对立，经济和军事应该都可以的，没想到内忧外患,0
toliks9977,2024-02-13 14:52,UP我觉得你不要乱带节奏，巴巴羊就是狗大户沙特的打手，还和土鸡斯坦眉来眼去的。种花家的输出给巴巴羊一些东西，主要是为了战略利益，出于对印度阿三的制衡考虑的。国家间没有什么铁不铁的，都只是为了各自的利益使然，别自嗨乱带节奏。,1
麻婆神甫,2024-01-09 16:58,但凡了解一下近50年他们是怎么过的，我们做了什么，都不会对这份友谊感到哪怕一丁点的疑问。现在最大的问题是，他们国内有大量美国和印度养的狗，军阀和极端组织割据，中央对地方的控制力太弱了，无法预防袭击，只能事后不计牺牲的报复。,0
花间酒一,2024-02-06 01:49,我的巴基斯坦朋友说选举过后巴基斯坦那边彻底乱了，说是人们写上一个好的领导人上去，是坏的领导人不满意，疯狂谋杀支持他的人 ，他朋友的父亲就被杀害了，他说他那里现在充满了谋杀，叫我不要去巴基斯坦。,0
爱吃芝士汉堡的耿鬼,2024-01-09 08:46,就这么说吧 并不铁。以前招兼职有来我们这里大学读书的巴基斯坦学生应聘，本着中巴友好关系选了她，结果一副要不完的样子，做事不认真不说没到结算日就天天问薪水能不能先发。还都把自己当优待人员一样。,4
鲁滨逊大石,2024-03-13 16:55,国与国之间交往终究还是要落实到社会阶层上的，只谈国家，那只是宏观层面，与具体的群体是两回事，江苏这边有一句名言：老乡老乡背后一枪。即便是所谓的老乡，那也得看人，将心比心，以诚待人，人人为我，我为人人，你背后给我一枪，当然也要把枪还击，至少也要远离这种人及时止损,1
迪亚波罗IV,2024-01-08 23:09,如果巴基斯坦的最底层贫民，能无任何附加条件地帮助一个中国人，叫声巴铁并不为过；同时，任何一个国家的权贵阶级，与任何人交往，都是带着目的性，他们没有什么所谓的信仰，只有利益。,0
Nikori鱼蛋,2024-01-07 11:05,我真的很纠结，内心很纠结。每次看到这些地方我都深感祖国一带一路的伟大和困难，或许等我们的目标实现那天，他们也可以获得幸福吧……,3
我就呵呵了了了呵呵,2024-01-06 18:07,一切的问题都是宗教的问题！每个人都知道，但都不去挑破，这是最可悲的！局内人不愿被挑破，因为这是他们的信仰；局外人不敢去挑破，因为都知道一神教的疯狂！所以，他们有救么？,3
艾瑞尼斯卡,2024-01-10 01:33,我很好奇，派一个警察跟着，其实并没有多大用吧，普通民众不会有危害，真有危害的，一个警察顶用吗？真要绑了你，两三个人，一棍子敲了警察就把人拉走了。,0
喀法咖啡,2024-01-31 11:37,在其他国家，跨越阶层几乎不可能，所以那里的人才会不去努力。就像是美国的黑人。然而在中国，跨越阶层要容易许多。所以才会有那么多人想要努力。,2
引饮隐,2024-01-16 01:53,说的看似很理性，总体都是阳光的一面，另外找个中国的另一半能提升社会阶层？如果不是说的是巴基斯坦，我会想到缅北那些网红怎么博取国人关注的！,1
西郭先森丶,2024-01-26 13:04,大概20年前，我还是小孩的时候，也坐过那种突突车，在国内的小县城。 女人孩子坐在车斗里面，男人扒在车厢外面，要下车了就敲敲驾驶舱的后座。,0
Zoezzz19,2024-01-17 12:33,所以咱们就是说在巴基斯坦这么穷困挣扎的国家，一个政府官员的宅邸修的如此富丽堂皇，又堂而皇之的邀请外国媒体去拍摄，真真的是一个匪夷所思。,3
蓝蔚海天,2024-01-19 21:51,至少得有个能看的建筑,0
猫生叹气,2024-01-26 20:04,"中国帮助越南, 越南反咬一口那就是白眼狼
中国帮助巴基斯坦, 巴基斯坦群众表现的非常友好就是中国的狗
某些人反正怎么样都能骂起来",2
传说中的贺哥哥,2024-01-07 20:32,就单说这个过路不给钱，自己本国人跟其他国家都要给钱这一点，就已经是非常非常非常高的待遇了，这他么还不是优待是什么，客观存在的事实,1
jtwmr,2024-03-04 13:10,因为中国人在巴基斯坦出事的概率很高，这是巴基斯坦政府很是辣手的问题，只能在一些混乱的区域由安全人员提供保护，并不是什么缘故。,1
西郭先森丶,2024-01-26 13:20,阿富汗的难民，有点难说，因为有一部分是因为当了汗奸，怕被塔利班清算才逃难的，还有一部分是因为害怕塔利班政府逃难的普通民众。,0
谁不想当周jie呢,2024-03-12 16:25,【又有国人在“巴铁”出现人身意外！外国媳妇听闻要去买武器自保！-哔哩哔哩】 又有国人在“巴铁”出现人身意外！外国媳妇听闻要去买武器自保！,1
樱I狼恋,2024-01-07 18:18,希望有靠谱的中介，介绍巴铁的女生嫁过来，国内男生实在太卷了，结婚都怕被骗彩礼 至于宗教原因，至少本人可以妥协。,0
飘过一缕枫,2024-01-10 16:59,去巴铁找媳妇的 还是谨慎吧  本站内也有不少 多搜搜多看看 之前出过很大的事多看看新闻,0
李舜死-,2024-01-24 02:53,一群阿三罢了，没有什么铁不铁大家仁智见仁智者见智，有脑子的人自己会去了解不要听信一些一边倒的媒体宣传巴铁很铁铁你吗,3
老桑家的地主,2024-01-08 11:36,大使馆都提醒你不要去，然后你还是要去。得亏你没出事儿，出事儿了又得麻烦大使馆吧。所以是一个自私的傻叉,2
帅锅歪歪,2024-01-05 22:39,整个南亚都很穷，和非洲半斤八两，只不过人口比非洲密集，人口数量多，综合国力还凑合，普通人生活和非洲差不多,1
老K造物社,2024-01-22 15:14,我爱人做外贸  有过一些巴基斯坦客户  做了几次 坚决不做了  整天只会说好朋友好朋友  但很多都是吹牛皮的骗子,0
香格里拉蓝香肠,2024-01-22 15:59,当地局势不稳，可能某一天打仗了，人们辛辛苦苦工作攒下来的家当会全部被夺走，人们自然也就不会很卖力的工作赚钱了,0
Mr刘先森KT,2024-01-15 13:04,看完UP的视频我深受启发，那么问题来了，要如何才能交到一个巴基斯坦的富二代女朋友呢？,0
jijianm,2024-01-05 23:31,你会对一个对你大方 又变相保护你国家的人不好吗？他们得了好处感谢他们的神，坑你也是坑异教徒 不算罪过。,1
清洛Rainn,2024-03-10 22:33,小李在巴基斯坦四年了，都只能说，不好说不好说。没我们想的那么好，只要你对他没啥好处了，也就普普通通了。,0
馋甜点的奶茶,2024-01-28 18:21,巴基斯坦搞恐袭的组织是在三个国家境内的，伊朗也有，他们想独立建国，在所在地反动，支持者是印美。,0
自古紅色三倍速,2024-01-08 15:37,"09:49
全球不都一样吗？意思是，你在中国努力卷了，就能卷成“马X”“马XX”那样的有钱人？",0
逍遥大神棍,2024-01-09 15:46,巴基斯坦对中国唯一的好处就是石油，可是我加的汽油8元多，所以巴铁在™的铁也是扯淡。。。。。。,1
另一个草薙,2024-01-09 17:08,巴基斯坦 有石油卖给我国吗？我记得  我国进口石油  的前十国家没有巴基斯坦吧,1
大少年小沧桑,2024-02-07 20:19,站在美国这边没什么，这点军迷界的多少知道点。你不能强求一个小国硬战队，中立对小国是最好的选择,0
就爱鬼畜,2024-01-11 17:59,视频里基本没什么女性露面，巴基斯坦的男女地位差距也跟印度一样吧，毕竟过去这两是一家，男尊女卑,0
聪明小能猫,2024-01-14 08:58,美国用印度牵制中国，中国需要巴基斯坦牵制印度，就是这么一层简单的政治关系，别加戏了各位。,1
hirowl,2024-01-07 22:18,很佩服你们这些敢去一些争议国家的冒险者，很羡慕，但是作为女性是绝对不敢单身去这些国家的。,1
小至有尊宝,2024-01-10 00:05,有没有发现up除了专门拍摄女性之外他们接上一个女性都没有，拍的街景全是男的，没有一个女的,0
昆虫单于可汉大帝,2024-01-07 02:33,造谣中巴友谊的基本都是台独，港独，公知，二狗子，还有被洗脑没有脑子的人，中巴友谊万岁。,1
暖栀山雾,2024-05-28 15:51,你说的可不只是你所看到的，更多的是你主观的一些臆想，你把所有对你的好都和利益扯上关系了,0
画祤,2024-03-05 13:39,巴基斯坦比较属于小国亲美搞好关系又没啥问题，美国这个吊国什么状态谁还不清楚，没事找事。,0
聚光灯之下的祝福,2024-03-05 16:31,国际关系本来就是多样化，比如印度更我们关系差却和俄罗斯关系好,0
疯疯更健康,2024-01-15 11:20,这标题瞬间没有看内容的兴趣了，虽然看评论好像内容不是这么一回事，但是标题党自己选的路嘛,0
心理镜面,2024-01-07 12:55,中国人在巴基斯坦会得到相对应的优待但不是对所有中国人全面展开优待政策的照顾~,1
Makise丨kuris,2024-01-08 14:44,抗印？不存在的，两个发展中国家本身并没有深仇大恨，因为青藏高原存在，印度那边进攻中国很难。可以的话中印更想当个友好邻邦。不过巴基斯坦是得依靠中国的,1
小小悟龟,2024-02-19 04:29,因为我们强 如果弱了 你看看还会有几个国家和你铁  和做人一样 有钱朋友就和你铁！,0
___XionGJialE---,2024-01-24 09:49,"印度：听说隔壁跟中国很铁？让我看看这么个事！
（一顿挨揍后）
印度：还真是。。。",0
传说中的贺哥哥,2024-01-07 20:48,"这个也是AK47,上面车上那个还是AK47，只要是枪就他么给我叫AK47",0
小冄魂,2024-03-28 11:13,关键不稳定，稳定才能有人去旅游，谁也不会冒着生命危险去，希望能尽快处理掉反对派,0
Damonmo1,2024-01-19 11:21,您好博主，我司的返点辛苦给安排下，一直不回复微信也没法解决呀，我们会一直跟进。,0
良の助理,2024-01-10 11:50,他们那边的新闻联播 也是说咱们好吧  一阵一阵的  亲美  亲日的时候也一样,1
GoldenWitch贝阿朵,2024-01-07 18:56,伊斯兰国家总让我感觉和现在的现代化国家格格不入，就像大清搞什么洋务运动一样。,1
玉米独尊,2024-01-05 22:22,我一开始真以为那个富二代是喜欢你哈哈，谁让你那么帅呢,1
Damonmo1,2024-01-19 11:22,您好博主，我司的返点辛苦给安排下，一直不回复微信也没法解决呀，我们会一直跟进,0
阿狸573993580,2024-01-18 13:44,恐怖袭击不一定是白沙瓦的反对派，很有可能是啤卢之解放军（国际认定的恐怖组织）,0
Sbeusv,2024-01-29 15:30,别忘记了本.拉登就是巴基斯坦的人吧，虽然他搞霉国，但是不可否认还是恐怖分子,0
Sbeusv,2024-01-29 15:33,所以在外还是要小心,0
只爱我家宝贝,2024-01-24 17:26,我仔细看了下UP主这期视频，街上真的很少或者几乎没有女人，宗教真的太可怕了,0
si1verrain,2024-01-17 01:21,"不管怎样都要保护要自己哪都有好人和坏人不是,除了中国没有再更安全的地方了",1
血腥乄瑪麗,2024-01-08 16:43,感觉这种无条件的信任会被人利用，被恐怖分子利用，带去他家或者作坊然后遇害,0
没意思退了,2024-04-04 19:54,有贫富差距很正常，如果有钱人都得靠武装保护自己，那普通人肯定更不好过，,0
o909o909321,2024-01-07 12:23,除了石油土豪国家外其他的伊斯兰国家经济社会方面总体上跟新疆比怎么样啊？,0
目目佳瞿,2024-04-11 22:41,不愧是b战给我推那么高质量的视频，看这些长视频总比女人扭屁股好看多了,0
蓝纹环带章鱼,2024-01-07 01:24,把我带着去他们村  一群人拿着AK  我吓都吓死了,1
疯狂不是堕落,2024-01-16 23:11,哥，最大的贫民窟在阿三孟买，你去哪里瞅瞅你就知道那个最大了,0
蓝蔚海天,2024-01-19 21:51,在孟加拉国的达卡,0
遇到高手就跑,2024-01-08 03:27,巴基斯坦对中国已经很不错了，去日韩的都知道 不歧视你都属于走大运了,0
我和太阳有个约定,2024-01-05 19:37,巴渣倒是听过，从没有听说过巴铁，跟阿三一个德行,6
风薰夏记忆,2024-01-07 11:00,"国家强大了朋友自然也就多了,甚至还可以养狗,比如漂亮国",2
cx233,2024-02-06 20:59,社交就是利益场，真诚与利益也不冲突，就看吃相好不好,0
东风破晓,2024-01-12 22:01,反正正确理性的看待吧，就别传别信什么中巴友好写入宪法的什么玩意,0
狼与基尔克,2024-03-17 13:20,说实话还是先别去了，没出事还好，出了事就得被国内外的网友声讨,1
椰绒_Yael,2024-01-22 09:56,当地也很怕中国人出事，产生国家之间的矛盾，所以派人持枪保护,0
迷之漆黑魔导师,2024-03-26 19:17,就是1979年美驻伊朗大使馆被占那件事，有可能被复刻一手,0
BSXRB,2024-01-16 19:46,为什么整个视频基本看不到女性，巴基斯坦女性都不让上街么？,0
Omni-Man,2024-01-15 04:20,01:01 大胡子的眼神爱上了UP噜,0
沃颂谝琪迪痕,2024-01-09 21:14,我有个好奇的疑问，巴基斯坦对中国的穆斯林是怎么对待的呢,0
夏目jz,2024-02-27 12:35,换位思考吧，别人本来就不容易，有些国人还是少占点便宜,2
杜鹤影Elio,2024-01-10 23:47,"啊，好想问问，
巴基斯坦的男生会不会追中国的男生啊？",1
yejiehong2018,2024-01-07 18:34,那些说巴铁是吹出来的，是互联网造谣出来的请出来走走走,1
815小日子寄快递,2024-05-20 00:09,伊斯兰世界好像对gay是很反感的up你多虑了,0
TyranT0088,2024-01-11 19:02,没有遇到喜欢你的男孩子还挺失望！没事B站GAY多！,1
伍六柒大虾,2024-01-07 22:07,这一切的开始还得回到62年中国狠狠的捶了阿三那一次,1
等待小男孩的小胖子,2024-01-06 16:50,巴基斯坦有些对中国人不好的，大多是阿三那边扶持的。,0
暴走兄弟,2024-01-07 13:09,我的巴铁富二代天天给我打电话，要找女朋友,17
气运貔貅,2024-01-11 01:55,我看过在巴基斯坦那边的UP卓越，他在那边遇到个国人大姐在巴基斯坦好些年头了谈了个巴基斯坦男友有一期就大吐苦水说别嫁巴基斯坦男的，那边像以前的中国，家里父母决定一切做儿子的巨听父母的话全部围着父母转女方巨委屈不知道富人级别会不会开明一点,1
sammo,2024-01-07 17:47,穷的时候跟你铁 才是真的铁 发达了就不那么存粹了,1
bili_36472970344,2024-01-29 10:35,世界最大平民窟不是印度的达拉维平民窟么？,0
她的昵称违规,2024-01-10 14:05,我发现，中国好像是唯一打遍了地球上所有国家的国家,0
盛世肥啵啵啵啵啵,2024-01-07 19:52,这不比找个旮旯角找个外国人假装拍自己出国了真实么,0
润涵秋,2024-01-07 17:46,为什么巴基斯坦满大街男人，很少看到巴基斯坦女人？,0
放荡的西瓜,2024-01-11 20:59,宗教国家怎么可能靠得住，随便扔个神出来推到一切,2
却又是多啦,2024-01-27 02:23,一带一路挑战很大啊。稍不注意边境就把枪带过来了,0
云端的日子F,2024-01-16 16:42,就记住一点，不管是中国还是巴基斯坦，都是群体。,0
自己吃瓜,2024-04-28 23:16,"笔记
还是多搜索一下近年中国人在巴基斯坦死亡了多少吧",4
种猪佩奇か,2024-01-06 23:05,看了这些 我只能是 国家禁枪禁对了,0
黑格の提姆,2024-02-01 18:09,我是Gay，表示真的蛮喜欢up的,0
zzjwishI,2024-01-12 13:44,富二代营养过剩了，带上帽子以为45了,0
小老弟刺激吗,2024-01-10 23:27,不是，真有人不知道巴基斯坦是铁杆美系国家吗？,0
闪光暗杀者光头菌,2024-01-07 14:03,视频里得巴基斯坦人看面相我就知道谁善良谁狡诈,0
卖豆豆的豆豆,2024-04-13 15:23,"笔记
在沙特，一位素不相识的巴基斯坦人让我看的",11
是叶子真的苟,2024-01-07 19:38,29分28秒，那小子怎么竖中指呢？不学好！,1
哎果子,2024-04-05 23:23,不要求优待，这样屁股就歪了，我们要人人平等,0
弥度密,2024-01-07 18:49,谁天天给我这给我那的我也认他做大哥,0
俏旦,2024-03-24 23:51,你怎么在我左边讲话吖,0
暖暖小猫,2024-05-17 17:48,别介绍了，怕出问题的，那边还是很传统的,0
我开的车os,2024-01-14 16:06,没别的我被封面那个帅哥吸进来了,0
Dふ也,2024-01-09 01:24,我要是能死在那样的事情里，倒是种幸福。,0
手铳重卫士,2024-02-16 17:36,核心拷问：你到底是普通游客还是媒体？,1
账号已注销,2024-03-09 20:13,大家一定要知道这个爆走兄弟是个烂人。,0
咸鱼sama丶,2024-02-01 00:18,国内找不到老婆 国外有啊,0
一卜门心,2024-01-12 17:26,你的巴基斯坦朋友看到这条视频会伤心的,0
肉干海魂衫,2024-01-07 12:46,怎么觉得这个声音好小啊？,0
达拉崩吧怎么了,2024-01-05 21:13,这么说呢，你天天管着我吃喝，我也铁,6
bilibili鬼畜小王,2024-01-08 16:40,地缘zz罢了，钳制印需要这么个国家,1
火锅是个噪音机,2024-02-07 17:57,要不找个巴基斯坦老婆？,0
suniceball,2024-01-07 20:40,没有无缘无故的好也没有无缘无故的恨,0
duo弗朗明哥,2024-01-19 17:10,不是什么铁 只是有合作 误导不好,1
我永远讨厌政治,2024-05-21 13:22,弹幕吵什么...毛病,1
34743692720_bili,2024-01-11 19:35,当一个友好国家就好了，别那么吹,1
承栗,2024-05-12 23:50,千万不能去巴基斯坦的南部地区。,0
家有父母妻儿,2024-03-24 21:49,对的 没有永远的朋友 只有利益,0
光子のパンツ,2024-02-12 07:09,咋就矛盾了，思维明显跟不上年龄,0
肖鱼儿上钩了,2024-01-07 00:32,我觉得伊拉克人对中国人更加友好,0
魔之右手,2024-02-17 12:37,巴基斯坦=绿色 三哥,0
比亚迪外星人建交,2024-01-07 20:57,明白了，反对派对中国人不友好,0
该账号已注销8f6Vk,2024-02-05 17:00,相当于美国人去日本,0
三倍速-红色闪电,2024-02-01 23:18,下一站去古巴吧,0
説吾名逗汝笑,2024-01-06 03:34,想找个巴基斯坦老婆诶。。。,0
小枣秀夫,2024-01-16 19:44,自己还顾不过来了还顾别人,2
小小悟龟,2024-02-19 04:39,文案一般 磕磕绊绊的感觉,0
小小悟龟,2024-02-19 04:42,提词器位置不好 老斜眼瞄 在加上文案不行 就感觉很不好！小小建议,0
牟暖暖,2024-01-12 06:34,有钱在大部分地方都受欢迎,0
马督农,2024-01-11 17:28,感觉up有点帅是怎么回事,0
浪迹天使love,2024-01-09 18:20,我国内混明白，再考虑出国,0
无名的钟摆,2024-04-30 00:41,笔记,2
skmsuny,2024-01-09 16:36,论迹不论心，论心无完人,2
此心最潇瑶,2024-01-14 12:56,两个字 有利益就会友好,1
DONGBEI-CITY,2024-01-07 21:53,巴基斯坦一般都想去美国,1
云淡风舒,2024-01-27 02:36,希望他们会有更好的生活,0
7xkxk7k,2024-02-17 20:38,为什么都是男的啊……,0
秦寿pku,2024-01-09 20:23,能不能发一下上衣链接,0
颜月无颜,2024-01-10 17:29,铁个锤子，别骗人了,0
搬砖勇士-dp,2024-01-09 05:25,真不是因为核武器吗,0
东南小企鹅,2024-01-07 20:21,你给我钱养我我也铁,0
zhanghenganbang,2024-02-11 21:57,你有钱就好😂😂😂,0
熟果子一枚,2024-01-07 20:11,很有意思的视频！,0
工号1308,2024-01-09 19:53,中巴友谊万岁！,1
张三金的金渐层,2024-01-08 13:57,拉皮条多吧……,1
komi酱imok,2024-04-28 06:04,做得好好好用心,0
是BY啊,2024-01-21 15:25,当阿三看就行了,0
炉石标准上分,2024-01-08 14:25,应该没有那么好,0
陆东鹏,2024-01-23 15:10,因为钱给的多,0
十里庙的,2024-01-07 21:27,希望能好起来,0
w大马猴子,2024-05-24 23:50,太牛逼了！,0
喃喃低语何以解忧,2024-02-06 12:43,愿世界和平,0
无聊哩哩哩,2024-02-03 23:16,绿色阿三。,0
沈阳汇中宝,2024-01-15 15:59,废话好多啊,0
阿克塞尔like,2024-01-14 21:00,你还敢去吗,0
爱好逍遥,2024-01-07 21:11,很好的视频,0
冷冷的风啊吹不动,2024-01-07 16:50,首页通知书,0
北海旧城,2024-03-26 18:41,呃呃呃,0
我是小小小小猪,2024-02-02 22:52,不错哦,0
xQc114514,2024-03-29 06:50,幽默,10
起源烯,2024-01-05 19:02,第一,1
小小马拉大车,2024-04-24 01:08,假的,0
有礼走天下,2024-01-22 15:33,👌🏻,0
老大很幸福,2024-01-14 16:26,谢谢,0
夜中邀客,2024-01-08 13:58,hy,0
吊顶了没,2024-05-26 09:00,牛,0
